roi_id,net_01_pct_in_devatlas,net_02_pct_in_devatlas,net_03_pct_in_devatlas,net_04_pct_in_devatlas,net_05_pct_in_devatlas,net_06_pct_in_devatlas,net_07_pct_in_devatlas,net_08_pct_in_devatlas,net_09_pct_in_devatlas,net_10_pct_in_devatlas,net_11_pct_in_devatlas,net_12_pct_in_devatlas,net_13_pct_in_devatlas,net_14_pct_in_devatlas,net_15_pct_in_devatlas,net_16_pct_in_devatlas,net_17_pct_in_devatlas,net_18_pct_in_devatlas,net_19_pct_in_devatlas,net_20_pct_in_devatlas,net_21_pct_in_devatlas,net_22_pct_in_devatlas,net_23_pct_in_devatlas,net_24_pct_in_devatlas
1,0.0,0.0,0.0,0.002541,0.27446,0.0,0.0,0.0,0.0,0.0,0.0,0.0,0.181703,0.0,0.0,0.0,0.0,0.0,0.0,0.148666,0.39263,0.0,0.0,0.0
2,0.0,0.0,0.0,0.002299,0.48046,0.0,0.0,0.118391,0.0,0.0,0.0,0.0,0.287356,0.0,0.0,0.0,0.0,0.0,0.0,0.0,0.111494,0.0,0.0,0.0
3,0.103753,0.113687,0.0,0.0,0.0,0.0,0.233996,0.0,0.304636,0.0,0.062914,0.0,0.0,0.0,0.0,0.0,0.0,0.0,0.0,0.016556,0.164459,0.0,0.0,0.0
4,0.116216,0.209459,0.0,0.0,0.0,0.0,0.0,0.497297,0.175676,0.0,0.001351,0.0,0.0,0.0,0.0,0.0,0.0,0.0,0.0,0.0,0.0,0.0,0.0,0.0
5,0.001295,0.0,0.0,0.0,0.0,0.0,0.009067,0.0,0.715026,0.0,0.0,0.0,0.0,0.0,0.0,0.0,0.0,0.0,0.0,0.001295,0.273316,0.0,0.0,0.0
6,0.0,0.0,0.0,0.0,0.0,0.0,0.0,0.2949,0.7051,0.0,0.0,0.0,0.0,0.0,0.0,0.0,0.0,0.0,0.0,0.0,0.0,0.0,0.0,0.0
7,0.0,0.004666,0.0,0.0,0.214619,0.0,0.0,0.0,0.0,0.0,0.272162,0.040435,0.0,0.0,0.301711,0.020218,0.0,0.001555,0.023328,0.0,0.121306,0.0,0.0,0.0
8,0.0,0.027314,0.0,0.0,0.347496,0.0,0.0,0.051593,0.0,0.0,0.295903,0.042489,0.066768,0.0,0.163885,0.0,0.003035,0.0,0.0,0.0,0.001517,0.0,0.0,0.0
9,0.0,0.0,0.0,0.087186,0.48745,0.0,0.0,0.0,0.0,0.0,0.0,0.0,0.0,0.0,0.001321,0.303831,0.0,0.0,0.110964,0.0,0.009247,0.0,0.0,0.0
10,0.0,0.0,0.0,0.110363,0.569314,0.0,0.0,0.0,0.0,0.0,0.0,0.0,0.0,0.0,0.048452,0.244953,0.025572,0.0,0.001346,0.0,0.0,0.0,0.0,0.0
11,0.0,0.0,0.0,0.0,0.0,0.0,0.001453,0.011628,0.148256,0.0,0.0,0.0,0.47093,0.0,0.0,0.0,0.0,0.0,0.0,0.277616,0.090116,0.0,0.0,0.0
12,0.0,0.0,0.0,0.0,0.0,0.0,0.0,0.28009,0.284589,0.0,0.0,0.0,0.435321,0.0,0.0,0.0,0.0,0.0,0.0,0.0,0.0,0.0,0.0,0.0
13,0.0,0.0,0.0,0.0,0.0,0.0,0.014085,0.0,0.910798,0.0,0.0,0.0,0.075117,0.0,0.0,0.0,0.0,0.0,0.0,0.0,0.0,0.0,0.0,0.0
14,0.0,0.0,0.0,0.0,0.0,0.0,0.0,0.0,0.996656,0.0,0.0,0.0,0.003344,0.0,0.0,0.0,0.0,0.0,0.0,0.0,0.0,0.0,0.0,0.0
15,0.0,0.00184,0.0,0.00184,0.218951,0.048758,0.00092,0.0,0.324747,0.0,0.106716,0.0,0.106716,0.0,0.096596,0.0,0.0,0.0,0.0,0.0,0.092916,0.0,0.0,0.0
16,0.007843,0.187255,0.0,0.045098,0.277451,0.0,0.0,0.141176,0.12451,0.0,0.117647,0.0,0.085294,0.0,0.013725,0.0,0.0,0.0,0.0,0.0,0.0,0.0,0.0,0.0
17,0.0,0.0,0.0,0.0,0.0,0.0,0.185276,0.0,0.0,0.0,0.0,0.0,0.0,0.0,0.0,0.0,0.0,0.0,0.0,0.77546,0.039264,0.0,0.0,0.0
18,0.0,0.0,0.0,0.0,0.039519,0.0,0.0,0.658076,0.0,0.134021,0.0,0.0,0.0,0.0,0.0,0.0,0.0,0.003436,0.0,0.164948,0.0,0.0,0.0,0.0
19,0.0,0.0,0.0,0.0,0.02399,0.012626,0.366162,0.0,0.166667,0.0,0.0,0.0,0.20202,0.0,0.0,0.0,0.0,0.0,0.0,0.117424,0.025253,0.0,0.0,0.085859
20,0.0,0.0,0.0,0.001998,0.103896,0.0,0.0,0.724276,0.04995,0.0,0.0,0.0,0.11988,0.0,0.0,0.0,0.0,0.0,0.0,0.0,0.0,0.0,0.0,0.0
21,0.0,0.0,0.0,0.0,0.002979,0.486594,0.0,0.0,0.0,0.0,0.0,0.0,0.000993,0.0,0.0,0.0,0.0,0.0,0.0,0.509434,0.0,0.0,0.0,0.0
22,0.0,0.0,0.0,0.005365,0.007511,0.207082,0.0,0.635193,0.0,0.0,0.0,0.0,0.0,0.0,0.0,0.0,0.0,0.0,0.0,0.14485,0.0,0.0,0.0,0.0
23,0.078708,0.116044,0.0,0.0,0.0,0.045409,0.500505,0.0,0.047427,0.0,0.06559,0.0,0.008073,0.0,0.0,0.0,0.0,0.0,0.0,0.138244,0.0,0.0,0.0,0.0
24,0.0,0.0,0.0,0.0,0.0,0.0,0.0,0.959108,0.0,0.0,0.0,0.0,0.0,0.0,0.0,0.0,0.0,0.0,0.0,0.040892,0.0,0.0,0.0,0.0
25,0.0,0.048742,0.0,0.0,0.044025,0.0,0.25,0.0,0.0,0.0,0.177673,0.097484,0.0,0.0,0.0,0.0,0.0,0.0,0.014151,0.209119,0.158805,0.0,0.0,0.0
26,0.0,0.155932,0.0,0.0,0.110169,0.0,0.0,0.450847,0.0,0.0,0.20678,0.076271,0.0,0.0,0.0,0.0,0.0,0.0,0.0,0.0,0.0,0.0,0.0,0.0
27,0.0,0.0,0.0,0.0,0.0,0.0,0.673966,0.0,0.180049,0.0,0.0,0.0,0.0,0.0,0.0,0.0,0.0,0.0,0.0,0.082725,0.0,0.0,0.0,0.06326
28,0.0,0.0,0.0,0.0,0.0,0.0,0.0,0.769335,0.179104,0.0,0.0,0.0,0.0,0.0,0.0,0.0,0.0,0.0,0.0,0.0,0.0,0.0,0.0,0.05156
29,0.0,0.0,0.0,0.0,0.0,0.201835,0.0,0.0,0.0,0.0,0.0,0.0,0.0,0.0,0.0,0.0,0.0,0.0,0.0,0.608563,0.189602,0.0,0.0,0.0
30,0.0,0.0,0.0,0.0,0.188406,0.011594,0.0,0.0,0.0,0.069565,0.0,0.0,0.0,0.0,0.0,0.0,0.0,0.101449,0.0,0.614493,0.014493,0.0,0.0,0.0
31,0.0,0.0,0.0,0.0,0.0,0.023438,0.0,0.0,0.0,0.0,0.0,0.0,0.0,0.0,0.0,0.0,0.0,0.0,0.0,0.856771,0.119792,0.0,0.0,0.0
32,0.0,0.0,0.0,0.0,0.0,0.592949,0.0,0.0,0.0,0.0,0.0,0.0,0.0,0.0,0.0,0.0,0.0,0.0,0.0,0.400641,0.00641,0.0,0.0,0.0
33,0.0,0.0,0.0,0.0,0.0,0.0,0.0,0.0,0.0,0.0,0.0,0.0,0.018868,0.0,0.0,0.0,0.0,0.0,0.0,0.025157,0.955975,0.0,0.0,0.0
34,0.0,0.0,0.0,0.0,0.107735,0.0,0.0,0.121547,0.0,0.0,0.0,0.0,0.226519,0.0,0.0,0.0,0.0,0.0,0.0,0.096685,0.447514,0.0,0.0,0.0
35,0.0,0.0,0.0,0.0,0.0,0.0,0.0,0.0,0.0,0.0,0.0,0.0,0.0,0.0,0.0,0.0,0.0,0.0,0.0,0.293963,0.706037,0.0,0.0,0.0
36,0.0,0.0,0.0,0.0,0.0,0.300261,0.0,0.18799,0.0,0.0,0.0,0.0,0.018277,0.0,0.0,0.0,0.0,0.0,0.0,0.0,0.493473,0.0,0.0,0.0
37,0.0,0.0,0.0,0.046709,0.063694,0.0,0.0,0.0,0.0,0.0,0.0,0.0,0.509554,0.0,0.0,0.0,0.0,0.0,0.0,0.0,0.380042,0.0,0.0,0.0
38,0.0,0.0,0.0,0.075404,0.244165,0.0,0.0,0.0,0.0,0.0,0.0,0.0,0.624776,0.0,0.0,0.0,0.0,0.0,0.0,0.0,0.055655,0.0,0.0,0.0
39,0.0,0.0,0.0,0.010714,0.414286,0.078571,0.0,0.0,0.0,0.0,0.0,0.0,0.003571,0.0,0.0,0.0,0.0,0.0,0.0,0.0,0.492857,0.0,0.0,0.0
40,0.0,0.0,0.0,0.190476,0.703297,0.047619,0.0,0.021978,0.0,0.0,0.0,0.0,0.0,0.0,0.0,0.0,0.0,0.03663,0.0,0.0,0.0,0.0,0.0,0.0
41,0.089069,0.0,0.0,0.0,0.0,0.0,0.0,0.0,0.910931,0.0,0.0,0.0,0.0,0.0,0.0,0.0,0.0,0.0,0.0,0.0,0.0,0.0,0.0,0.0
42,0.039683,0.0,0.0,0.0,0.0,0.0,0.0,0.0,0.960317,0.0,0.0,0.0,0.0,0.0,0.0,0.0,0.0,0.0,0.0,0.0,0.0,0.0,0.0,0.0
43,0.0,0.0,0.0,0.0,0.0,0.093117,0.101215,0.0,0.44332,0.0,0.0,0.0,0.044534,0.0,0.0,0.0,0.0,0.0,0.0,0.192308,0.125506,0.0,0.0,0.0
44,0.0,0.0,0.0,0.0,0.0,0.0,0.0,0.470852,0.419283,0.0,0.0,0.0,0.109865,0.0,0.0,0.0,0.0,0.0,0.0,0.0,0.0,0.0,0.0,0.0
45,0.0,0.0,0.0,0.0,0.0,0.524752,0.00198,0.0,0.20396,0.0,0.0,0.0,0.047525,0.0,0.0,0.0,0.0,0.0,0.0,0.221782,0.0,0.0,0.0,0.0
46,0.0,0.0,0.0,0.0,0.0,0.135135,0.0,0.435435,0.388889,0.0,0.0,0.0,0.040541,0.0,0.0,0.0,0.0,0.0,0.0,0.0,0.0,0.0,0.0,0.0
47,0.553333,0.0,0.0,0.0,0.0,0.0,0.0,0.0,0.373333,0.0,0.0,0.0,0.0,0.0,0.0,0.0,0.0,0.0,0.0,0.046667,0.026667,0.0,0.0,0.0
48,0.69869,0.0,0.0,0.0,0.0,0.0,0.0,0.0,0.30131,0.0,0.0,0.0,0.0,0.0,0.0,0.0,0.0,0.0,0.0,0.0,0.0,0.0,0.0,0.0
49,0.085153,0.0,0.0,0.008734,0.004367,0.004367,0.0,0.0,0.770742,0.0,0.0,0.0,0.098253,0.0,0.0,0.0,0.0,0.0,0.0,0.024017,0.0,0.004367,0.0,0.0
50,0.156977,0.0,0.0,0.0,0.0,0.0,0.0,0.0,0.703488,0.0,0.0,0.0,0.139535,0.0,0.0,0.0,0.0,0.0,0.0,0.0,0.0,0.0,0.0,0.0
51,0.0,0.0,0.0,0.0,0.0,0.0,0.05386,0.0,0.019749,0.0,0.0,0.0,0.330341,0.0,0.0,0.0,0.0,0.0,0.0,0.233393,0.362657,0.0,0.0,0.0
52,0.0,0.0,0.0,0.0,0.0,0.0,0.0,0.301552,0.033259,0.0,0.0,0.0,0.543237,0.0,0.0,0.0,0.0,0.0,0.0,0.0,0.121951,0.0,0.0,0.0
53,0.0,0.0,0.0,0.001115,0.114827,0.0,0.0,0.0,0.0,0.0,0.0,0.0,0.0,0.0,0.0,0.005574,0.0,0.03456,0.168339,0.0,0.0,0.675585,0.0,0.0
54,0.0,0.0,0.0,0.0,0.071017,0.0,0.0,0.0,0.0,0.0,0.0,0.0,0.0,0.0,0.0,0.0,0.0,0.03071,0.0,0.0,0.0,0.898273,0.0,0.0
55,0.0,0.0,0.0,0.0,0.332863,0.0,0.0,0.0,0.0,0.0,0.0,0.03244,0.0,0.0,0.091678,0.03385,0.0,0.015515,0.455571,0.002821,0.035261,0.0,0.0,0.0
56,0.0,0.0,0.0,0.0,0.362302,0.0,0.0,0.0,0.0,0.0,0.0,0.108352,0.0,0.0,0.103837,0.002257,0.366817,0.056433,0.0,0.0,0.0,0.0,0.0,0.0
57,0.0,0.0,0.0,0.0,0.0,0.0,0.0,0.0,0.0,0.0,0.0,0.0,0.0,0.0,0.0,0.424679,0.0,0.0,0.575321,0.0,0.0,0.0,0.0,0.0
58,0.0,0.0,0.0,0.0,0.039936,0.0,0.0,0.0,0.0,0.0,0.0,0.0,0.0,0.0,0.0,0.110224,0.78115,0.0,0.0,0.0,0.0,0.06869,0.0,0.0
59,0.0,0.0,0.0,0.0,0.0,0.0,0.0,0.0,0.0,0.0,0.0,0.0,0.0,0.0,0.0,0.868794,0.0,0.0,0.131206,0.0,0.0,0.0,0.0,0.0
60,0.0,0.0,0.0,0.0,0.0,0.0,0.0,0.0,0.0,0.0,0.0,0.0,0.0,0.0,0.011765,0.901176,0.087059,0.0,0.0,0.0,0.0,0.0,0.0,0.0
61,0.0,0.0,0.004608,0.645161,0.18894,0.0,0.0,0.0,0.0,0.0,0.0,0.0,0.0,0.0,0.0,0.0,0.0,0.023041,0.006912,0.0,0.0,0.131336,0.0,0.0
62,0.0,0.0,0.0,0.650831,0.209026,0.0,0.0,0.0,0.0,0.0,0.0,0.0,0.0,0.0,0.0,0.0,0.009501,0.0,0.0,0.0,0.0,0.130641,0.0,0.0
63,0.0,0.0,0.0,0.091275,0.15302,0.12349,0.002685,0.0,0.0,0.0,0.0,0.0,0.0,0.0,0.0,0.0,0.0,0.308725,0.0,0.251007,0.056376,0.013423,0.0,0.0
64,0.0,0.0,0.0,0.109792,0.237389,0.0,0.0,0.032641,0.0,0.146884,0.0,0.001484,0.0,0.0,0.0,0.0,0.0,0.451039,0.0,0.001484,0.0,0.019288,0.0,0.0
65,0.0,0.0,0.0,0.0,0.0,0.0,0.0,0.0,0.0,0.0,0.0,0.0,0.0,0.0,0.081395,0.909884,0.0,0.0,0.008721,0.0,0.0,0.0,0.0,0.0
66,0.0,0.0,0.0,0.135593,0.0,0.0,0.0,0.0,0.0,0.0,0.0,0.0,0.0,0.0,0.127119,0.688559,0.048729,0.0,0.0,0.0,0.0,0.0,0.0,0.0
67,0.0,0.0,0.0,0.0,0.0,0.0,0.0,0.0,0.0,0.0,0.0,0.0,0.0,0.0,0.0,0.987805,0.0,0.0,0.012195,0.0,0.0,0.0,0.0,0.0
68,0.0,0.0,0.0,0.0,0.0,0.0,0.0,0.0,0.0,0.0,0.0,0.0,0.0,0.0,0.0,0.998333,0.001667,0.0,0.0,0.0,0.0,0.0,0.0,0.0
69,0.034351,0.0,0.0,0.0,0.0,0.0,0.0,0.0,0.240458,0.0,0.0,0.0,0.0,0.0,0.0,0.0,0.0,0.0,0.0,0.0,0.725191,0.0,0.0,0.0
70,0.619048,0.0,0.0,0.0,0.0,0.0,0.0,0.0,0.333333,0.0,0.0,0.0,0.0,0.0,0.0,0.0,0.0,0.0,0.0,0.0,0.047619,0.0,0.0,0.0
71,0.0,0.0,1.0,0.0,0.0,0.0,0.0,0.0,0.0,0.0,0.0,0.0,0.0,0.0,0.0,0.0,0.0,0.0,0.0,0.0,0.0,0.0,0.0,0.0
72,0.0,0.0,0.973046,0.002695,0.0,0.0,0.0,0.0,0.0,0.0,0.0,0.0,0.0,0.0,0.0,0.0,0.005391,0.0,0.0,0.0,0.0,0.018868,0.0,0.0
73,0.0,0.0,0.945069,0.019975,0.019975,0.0,0.0,0.0,0.0,0.0,0.0,0.0,0.001248,0.0,0.0,0.001248,0.0,0.0,0.0,0.0,0.0,0.012484,0.0,0.0
74,0.0,0.0,0.77931,0.114483,0.06069,0.0,0.0,0.0,0.0,0.0,0.0,0.0,0.001379,0.0,0.0,0.004138,0.016552,0.0,0.0,0.0,0.0,0.023448,0.0,0.0
75,0.0,0.0,0.728843,0.0,0.0,0.0,0.0,0.0,0.0,0.0,0.0,0.0,0.0,0.0,0.0,0.0,0.0,0.0,0.0,0.0,0.271157,0.0,0.0,0.0
76,0.0,0.0,0.983114,0.001876,0.0,0.0,0.0,0.0,0.0,0.0,0.0,0.0,0.0,0.0,0.0,0.0,0.0,0.0,0.0,0.0,0.0,0.015009,0.0,0.0
77,0.0,0.0,0.284987,0.0,0.005089,0.0,0.0,0.0,0.005089,0.0,0.0,0.0,0.022901,0.0,0.0,0.0,0.0,0.0,0.0,0.0,0.681934,0.0,0.0,0.0
78,0.01992,0.011952,0.37251,0.001992,0.0,0.0,0.0,0.0,0.045817,0.0,0.0,0.0,0.055777,0.0,0.0,0.0,0.0,0.0,0.0,0.0,0.492032,0.0,0.0,0.0
79,0.007776,0.0,0.413686,0.0,0.0,0.0,0.0,0.0,0.0,0.0,0.0,0.0,0.0,0.0,0.0,0.0,0.0,0.0,0.0,0.0,0.578538,0.0,0.0,0.0
80,0.04023,0.04023,0.821839,0.0,0.0,0.0,0.0,0.0,0.0,0.0,0.0,0.0,0.0,0.0,0.0,0.0,0.0,0.0,0.0,0.0,0.097701,0.0,0.0,0.0
81,0.111765,0.0,0.001961,0.0,0.0,0.0,0.833333,0.0,0.007843,0.0,0.0,0.0,0.0,0.0,0.0,0.0,0.0,0.0,0.0,0.001961,0.043137,0.0,0.0,0.0
82,0.068702,0.0,0.007634,0.0,0.0,0.0,0.0,0.923664,0.0,0.0,0.0,0.0,0.0,0.0,0.0,0.0,0.0,0.0,0.0,0.0,0.0,0.0,0.0,0.0
83,0.219251,0.0,0.0,0.0,0.0,0.0,0.07754,0.0,0.0,0.0,0.0,0.0,0.0,0.0,0.0,0.0,0.0,0.0,0.0,0.0,0.703209,0.0,0.0,0.0
84,0.410339,0.0,0.0,0.0,0.0,0.0,0.0,0.109855,0.006462,0.0,0.0,0.0,0.0,0.0,0.0,0.0,0.0,0.0,0.0,0.0,0.473344,0.0,0.0,0.0
85,0.0,0.0,0.001706,0.076792,0.0,0.370307,0.143345,0.0,0.0,0.015358,0.001706,0.0,0.0,0.0,0.005119,0.0,0.0,0.078498,0.0,0.047782,0.259386,0.0,0.0,0.0
86,0.008306,0.023256,0.043189,0.152824,0.0,0.32392,0.0,0.239203,0.0,0.034884,0.009967,0.0299,0.0,0.0,0.0,0.0,0.0,0.134551,0.0,0.0,0.0,0.0,0.0,0.0
87,0.36,0.0,0.035152,0.0,0.0,0.0,0.083636,0.0,0.001212,0.0,0.0,0.0,0.0,0.0,0.0,0.0,0.0,0.0,0.0,0.0,0.52,0.0,0.0,0.0
88,0.224543,0.121845,0.322889,0.0,0.0,0.0,0.0,0.167972,0.001741,0.0,0.0,0.0,0.0,0.0,0.0,0.0,0.0,0.0,0.0,0.0,0.16101,0.0,0.0,0.0
89,0.0,0.0,0.0,0.0,0.0,1.0,0.0,0.0,0.0,0.0,0.0,0.0,0.0,0.0,0.0,0.0,0.0,0.0,0.0,0.0,0.0,0.0,0.0,0.0
90,0.0,0.875,0.0,0.0,0.0,0.125,0.0,0.0,0.0,0.0,0.0,0.0,0.0,0.0,0.0,0.0,0.0,0.0,0.0,0.0,0.0,0.0,0.0,0.0
91,0.0,0.0,0.0,0.0,0.0,0.177994,0.0,0.0,0.0,0.326861,0.0,0.006472,0.0,0.0,0.0,0.0,0.0,0.006472,0.0,0.482201,0.0,0.0,0.0,0.0
92,0.0,0.0,0.0,0.0,0.0,0.107914,0.0,0.007194,0.0,0.733813,0.0,0.143885,0.0,0.0,0.0,0.0,0.0,0.007194,0.0,0.0,0.0,0.0,0.0,0.0
93,0.0,0.0,0.0,0.0,0.0,0.0,0.0,0.0,0.0,0.0,0.0,0.0,0.0,0.0,0.0,0.0,0.0,0.0,0.0,0.0,1.0,0.0,0.0,0.0
94,0.0,0.0,0.0,0.0,0.0,0.1,0.0,0.0,0.0,0.0,0.0,0.0,0.0,0.0,0.0,0.0,0.0,0.0,0.0,0.0,0.9,0.0,0.0,0.0
95,0.00303,0.0,0.0,0.0,0.0,0.0,0.875758,0.0,0.0,0.0,0.0,0.0,0.0,0.0,0.0,0.0,0.0,0.0,0.0,0.0,0.121212,0.0,0.0,0.0
96,0.0,0.0,0.0,0.0,0.0,0.0,0.0,1.0,0.0,0.0,0.0,0.0,0.0,0.0,0.0,0.0,0.0,0.0,0.0,0.0,0.0,0.0,0.0,0.0
97,0.0,0.0,0.0,0.0,0.0,0.458128,0.076355,0.0,0.0,0.066502,0.0,0.051724,0.0,0.0,0.0,0.0,0.0,0.169951,0.0,0.17734,0.0,0.0,0.0,0.0
98,0.0,0.0,0.0,0.0,0.0,0.005882,0.0,0.023529,0.0,0.373529,0.0,0.379412,0.0,0.0,0.0,0.0,0.0,0.217647,0.0,0.0,0.0,0.0,0.0,0.0
99,0.0,0.0,0.0,0.0,0.0,0.0,0.7,0.0,0.0,0.0,0.0,0.0,0.0,0.0,0.0,0.0,0.0,0.0,0.0,0.3,0.0,0.0,0.0,0.0
100,0.0,0.0,0.0,0.0,0.0,0.006061,0.0,0.972727,0.0,0.0,0.0,0.021212,0.0,0.0,0.0,0.0,0.0,0.0,0.0,0.0,0.0,0.0,0.0,0.0
101,0.0,0.0,0.0,0.0,0.0,0.148515,0.811881,0.0,0.0,0.0,0.0,0.0,0.0,0.0,0.0,0.0,0.0,0.0,0.0,0.039604,0.0,0.0,0.0,0.0
102,0.0,0.006494,0.0,0.0,0.0,0.142857,0.0,0.850649,0.0,0.0,0.0,0.0,0.0,0.0,0.0,0.0,0.0,0.0,0.0,0.0,0.0,0.0,0.0,0.0
103,0.023529,0.741176,0.0,0.0,0.0,0.079412,0.0,0.0,0.0,0.058824,0.0,0.0,0.0,0.002941,0.002941,0.002941,0.0,0.0,0.0,0.0,0.088235,0.0,0.0,0.0
104,0.0,0.677966,0.0,0.0,0.0,0.030508,0.0,0.0,0.0,0.240678,0.0,0.0,0.0,0.0,0.00339,0.047458,0.0,0.0,0.0,0.0,0.0,0.0,0.0,0.0
105,0.0,0.015608,0.0,0.0,0.0,0.0,0.0,0.0,0.0,0.749164,0.0,0.0,0.0,0.219621,0.0,0.0,0.013378,0.0,0.0,0.0,0.0,0.0,0.00223,0.0
106,0.0,0.021223,0.0,0.0,0.0,0.0,0.0,0.0,0.0,0.80025,0.0,0.0,0.0,0.167291,0.0,0.0,0.0,0.0,0.011236,0.0,0.0,0.0,0.0,0.0
107,0.0,0.028689,0.0,0.0,0.0,0.198087,0.0,0.0,0.0,0.770492,0.0,0.0,0.0,0.0,0.0,0.0,0.0,0.002732,0.0,0.0,0.0,0.0,0.0,0.0
108,0.0,0.008547,0.0,0.0,0.001425,0.058405,0.0,0.0,0.0,0.900285,0.001425,0.0,0.0,0.0,0.001425,0.0,0.0,0.021368,0.007123,0.0,0.0,0.0,0.0,0.0
109,0.0,0.0,0.0,0.0,0.0,1.0,0.0,0.0,0.0,0.0,0.0,0.0,0.0,0.0,0.0,0.0,0.0,0.0,0.0,0.0,0.0,0.0,0.0,0.0
110,0.0,1.0,0.0,0.0,0.0,0.0,0.0,0.0,0.0,0.0,0.0,0.0,0.0,0.0,0.0,0.0,0.0,0.0,0.0,0.0,0.0,0.0,0.0,0.0
111,0.0,0.886076,0.0,0.0,0.0,0.0,0.0,0.0,0.0,0.0,0.0,0.0,0.0,0.0,0.0,0.113924,0.0,0.0,0.0,0.0,0.0,0.0,0.0,0.0
112,0.0,0.894737,0.0,0.0,0.0,0.0,0.0,0.0,0.0,0.0,0.0,0.0,0.0,0.0,0.0,0.105263,0.0,0.0,0.0,0.0,0.0,0.0,0.0,0.0
113,0.0,1.0,0.0,0.0,0.0,0.0,0.0,0.0,0.0,0.0,0.0,0.0,0.0,0.0,0.0,0.0,0.0,0.0,0.0,0.0,0.0,0.0,0.0,0.0
114,0.0,1.0,0.0,0.0,0.0,0.0,0.0,0.0,0.0,0.0,0.0,0.0,0.0,0.0,0.0,0.0,0.0,0.0,0.0,0.0,0.0,0.0,0.0,0.0
115,0.142857,0.857143,0.0,0.0,0.0,0.0,0.0,0.0,0.0,0.0,0.0,0.0,0.0,0.0,0.0,0.0,0.0,0.0,0.0,0.0,0.0,0.0,0.0,0.0
116,0.0,1.0,0.0,0.0,0.0,0.0,0.0,0.0,0.0,0.0,0.0,0.0,0.0,0.0,0.0,0.0,0.0,0.0,0.0,0.0,0.0,0.0,0.0,0.0
117,0.0,0.0,0.0,0.0,0.0,1.0,0.0,0.0,0.0,0.0,0.0,0.0,0.0,0.0,0.0,0.0,0.0,0.0,0.0,0.0,0.0,0.0,0.0,0.0
118,0.0,0.0,0.0,0.0,0.0,0.0,0.0,0.0,0.0,0.0,0.0,0.0,0.0,0.0,0.0,0.0,0.0,0.0,0.0,0.0,0.0,0.0,0.0,0.0
119,0.0,0.567568,0.0,0.0,0.0,0.0,0.0,0.0,0.0,0.0,0.0,0.0,0.0,0.432432,0.0,0.0,0.0,0.0,0.0,0.0,0.0,0.0,0.0,0.0
120,0.0,0.72549,0.0,0.0,0.0,0.0,0.0,0.0,0.0,0.0,0.0,0.0,0.0,0.27451,0.0,0.0,0.0,0.0,0.0,0.0,0.0,0.0,0.0,0.0
121,0.0,0.0,0.119122,0.0,0.0,0.0,0.003135,0.0,0.0,0.0,0.0,0.0,0.0,0.0,0.0,0.0,0.0,0.0,0.0,0.0,0.877743,0.0,0.0,0.0
122,0.0,0.0,0.366762,0.0,0.0,0.0,0.0,0.051576,0.0,0.0,0.0,0.0,0.0,0.0,0.0,0.0,0.0,0.0,0.0,0.0,0.581662,0.0,0.0,0.0
123,0.0,0.0,0.110482,0.011331,0.0,0.025496,0.0,0.0,0.0,0.0,0.0,0.0,0.0,0.0,0.0,0.0,0.0,0.0,0.0,0.0,0.852691,0.0,0.0,0.0
124,0.0,0.0,0.993031,0.0,0.0,0.006969,0.0,0.0,0.0,0.0,0.0,0.0,0.0,0.0,0.0,0.0,0.0,0.0,0.0,0.0,0.0,0.0,0.0,0.0
125,0.0,0.0,0.0,0.0,0.0,0.0,0.0,0.0,0.0,0.0,0.199482,0.222798,0.0,0.0,0.57772,0.0,0.0,0.0,0.0,0.0,0.0,0.0,0.0,0.0
126,0.0,0.0,0.0,0.0,0.0,0.0,0.0,0.0,0.0,0.0,0.038817,0.260628,0.0,0.0,0.665434,0.0,0.025878,0.009242,0.0,0.0,0.0,0.0,0.0,0.0
127,0.0,0.0,0.0,0.0,0.0,0.0,0.004184,0.0,0.0,0.0,0.301255,0.621339,0.0,0.004184,0.0,0.0,0.0,0.0,0.0,0.0,0.0,0.0,0.0,0.069038
128,0.0,0.0,0.0,0.0,0.0,0.0,0.0,0.0,0.0,0.0,0.10338,0.846918,0.0,0.003976,0.0,0.0,0.0,0.0,0.0,0.0,0.0,0.0,0.0,0.045726
129,0.0,0.0,0.0,0.0,0.0,0.064315,0.004149,0.0,0.0,0.0,0.0,0.192946,0.0,0.0,0.006224,0.0,0.0,0.437759,0.176349,0.118257,0.0,0.0,0.0,0.0
130,0.0,0.0,0.0,0.0,0.0,0.0,0.0,0.0,0.0,0.0,0.0,0.12,0.0,0.0,0.005333,0.0,0.370667,0.504,0.0,0.0,0.0,0.0,0.0,0.0
131,0.0,0.0,0.0,0.0,0.0,0.0,0.0,0.0,0.0,0.0,0.0,0.0,0.0,0.0,0.808765,0.085657,0.0,0.005976,0.099602,0.0,0.0,0.0,0.0,0.0
132,0.0,0.0,0.0,0.0,0.0,0.0,0.0,0.0,0.0,0.0,0.0,0.0,0.0,0.0,0.612832,0.188053,0.199115,0.0,0.0,0.0,0.0,0.0,0.0,0.0
133,0.0,0.0,0.0,0.0,0.0,0.0,0.0,0.0,0.0,0.0,0.0,0.797954,0.0,0.0,0.056266,0.0,0.0,0.002558,0.01023,0.132992,0.0,0.0,0.0,0.0
134,0.0,0.0,0.0,0.0,0.0,0.0,0.0,0.073276,0.0,0.002155,0.0,0.790948,0.0,0.0,0.0,0.0,0.015086,0.068966,0.0,0.0,0.0,0.0,0.0,0.049569
135,0.001914,0.441148,0.0,0.0,0.0,0.0,0.02201,0.0,0.0,0.343541,0.02201,0.113876,0.0,0.0,0.002871,0.0,0.0,0.0,0.0,0.052632,0.0,0.0,0.0,0.0
136,0.057642,0.427074,0.0,0.009607,0.0,0.0,0.0,0.0,0.0,0.416594,0.077729,0.011354,0.0,0.0,0.0,0.0,0.0,0.0,0.0,0.0,0.0,0.0,0.0,0.0
137,0.0,0.001203,0.0,0.0,0.0,0.0,0.480144,0.0,0.0,0.0,0.0,0.018051,0.0,0.0,0.0,0.0,0.0,0.001203,0.0,0.463297,0.0,0.0,0.0,0.036101
138,0.021807,0.178609,0.0,0.0,0.0,0.0,0.0,0.606438,0.0,0.031153,0.003115,0.107996,0.0,0.0,0.0,0.0,0.0,0.0,0.0,0.0,0.0,0.0,0.0,0.050883
139,0.0,0.0,0.0,0.021236,0.0,0.218147,0.0,0.0,0.0,0.0,0.0,0.0,0.0,0.0,0.0,0.0,0.0,0.687259,0.001931,0.069498,0.0,0.001931,0.0,0.0
140,0.0,0.0,0.0,0.0,0.0,0.038168,0.0,0.198473,0.0,0.0,0.0,0.028626,0.0,0.0,0.0,0.0,0.027672,0.707061,0.0,0.0,0.0,0.0,0.0,0.0
141,0.0,0.0,0.004669,0.016807,0.004669,0.303455,0.422969,0.0,0.0,0.0,0.0,0.0,0.0,0.0,0.0,0.0,0.0,0.0,0.0,0.003735,0.243697,0.0,0.0,0.0
142,0.0,0.040107,0.059715,0.120321,0.023173,0.159537,0.0,0.557041,0.0,0.0,0.037433,0.0,0.0,0.0,0.0,0.0,0.0,0.002674,0.0,0.0,0.0,0.0,0.0,0.0
143,0.402479,0.195042,0.0,0.034573,0.0,0.001957,0.172864,0.0,0.0,0.015656,0.015656,0.0,0.0,0.0,0.0,0.0,0.0,0.0,0.0,0.0,0.161774,0.0,0.0,0.0
144,0.336719,0.348438,0.096094,0.00625,0.0,0.001562,0.0,0.208594,0.0,0.002344,0.0,0.0,0.0,0.0,0.0,0.0,0.0,0.0,0.0,0.0,0.0,0.0,0.0,0.0
145,0.0,0.0,0.241509,0.559434,0.004717,0.069811,0.0,0.0,0.0,0.0,0.0,0.0,0.0,0.0,0.0,0.028302,0.0,0.010377,0.079245,0.0,0.004717,0.001887,0.0,0.0
146,0.0,0.0,0.076861,0.581265,0.0,0.006405,0.0,0.0,0.0,0.0,0.0,0.0,0.0,0.0,0.0,0.048839,0.142514,0.144115,0.0,0.0,0.0,0.0,0.0,0.0
147,0.057034,0.005703,0.0,0.0,0.0,0.0,0.0,0.0,0.0,0.0,0.674905,0.0,0.0,0.001901,0.005703,0.0,0.0,0.0,0.0,0.0,0.0,0.0,0.0,0.254753
148,0.013605,0.002268,0.0,0.0,0.0,0.0,0.0,0.0,0.0,0.0,0.716553,0.004535,0.0,0.0,0.00907,0.0,0.0,0.0,0.0,0.0,0.0,0.0,0.0,0.253968
149,0.0,0.022453,0.0,0.0,0.0,0.0,0.0,0.0,0.0,0.0,0.252159,0.0,0.0,0.0,0.417962,0.298791,0.0,0.0,0.0,0.0,0.0,0.0,0.0,0.008636
150,0.0,0.007485,0.0,0.0,0.0,0.0,0.0,0.0,0.0,0.0,0.321856,0.0,0.0,0.0,0.296407,0.344311,0.0,0.0,0.0,0.0,0.0,0.0,0.0,0.02994
151,0.010309,0.351661,0.0,0.0,0.0,0.0,0.0,0.0,0.0,0.0,0.0,0.0,0.0,0.26575,0.0,0.0,0.0,0.0,0.0,0.0,0.0,0.0,0.0,0.372279
152,0.005703,0.384981,0.0,0.0,0.0,0.0,0.0,0.0,0.0,0.000951,0.0,0.0,0.0,0.306084,0.0,0.0,0.0,0.0,0.0,0.0,0.0,0.0,0.0,0.302281
153,0.536458,0.080729,0.0,0.0,0.0,0.0,0.0,0.0,0.002604,0.0,0.022135,0.0,0.0,0.010417,0.0,0.0,0.0,0.0,0.0,0.0,0.0,0.0,0.0,0.347656
154,0.450855,0.127137,0.0,0.0,0.0,0.0,0.0,0.0,0.001068,0.0,0.068376,0.0,0.0,0.008547,0.0,0.0,0.0,0.0,0.0,0.0,0.0,0.0,0.0,0.344017
155,0.0,0.0,0.0,0.0,0.0,0.0,0.0,0.0,0.0,0.0,0.0,0.0,0.0,0.0,0.0,0.0,0.0,0.018319,0.398707,0.0,0.0,0.582974,0.0,0.0
156,0.0,0.0,0.0,0.0,0.0,0.0,0.0,0.0,0.0,0.0,0.0,0.0,0.0,0.0,0.0,0.0,0.436957,0.0,0.0,0.0,0.0,0.563043,0.0,0.0
157,0.0,0.0,0.072419,0.081664,0.0,0.0,0.0,0.0,0.0,0.0,0.0,0.0,0.0,0.0,0.0,0.0,0.0,0.030817,0.112481,0.0,0.0,0.702619,0.0,0.0
158,0.0,0.0,0.02314,0.130579,0.0,0.0,0.0,0.0,0.0,0.0,0.0,0.0,0.0,0.0,0.0,0.0,0.052893,0.013223,0.0,0.0,0.0,0.780165,0.0,0.0
159,0.0,0.0,0.0,0.0,0.0,0.0,0.0,0.0,0.0,0.0,0.0,0.0,0.0,0.0,0.0,0.0,0.0,0.279391,0.669433,0.0,0.0,0.051176,0.0,0.0
160,0.0,0.0,0.0,0.0,0.0,0.0,0.0,0.0,0.0,0.0,0.0,0.0,0.0,0.0,0.0,0.0,0.737333,0.142667,0.0,0.0,0.0,0.12,0.0,0.0
161,0.0,0.0,0.0,0.0,0.0,0.0,0.0,0.0,0.0,0.0,0.0,0.0,0.0,0.0,0.010417,0.721726,0.0,0.0,0.267857,0.0,0.0,0.0,0.0,0.0
162,0.0,0.0,0.0,0.0,0.0,0.0,0.0,0.0,0.0,0.0,0.0,0.0,0.0,0.0,0.005703,0.781369,0.212928,0.0,0.0,0.0,0.0,0.0,0.0,0.0
163,0.0,0.0,0.161585,0.493902,0.0,0.0,0.0,0.0,0.0,0.0,0.0,0.0,0.0,0.0,0.0,0.253049,0.0,0.0,0.067073,0.0,0.0,0.02439,0.0,0.0
164,0.0,0.0,0.126812,0.565217,0.0,0.0,0.0,0.0,0.0,0.0,0.0,0.0,0.0,0.0,0.0,0.242754,0.065217,0.0,0.0,0.0,0.0,0.0,0.0,0.0
165,0.0,0.0,0.004184,0.0,0.0,0.0,0.0,0.0,0.112971,0.0,0.0,0.0,0.882845,0.0,0.0,0.0,0.0,0.0,0.0,0.0,0.0,0.0,0.0,0.0
166,0.0,0.0,0.009569,0.004785,0.0,0.0,0.0,0.0,0.162679,0.0,0.0,0.0,0.822967,0.0,0.0,0.0,0.0,0.0,0.0,0.0,0.0,0.0,0.0,0.0
167,0.0,0.0,0.0,0.133858,0.0,0.0,0.0,0.0,0.0,0.0,0.0,0.0,0.858268,0.0,0.0,0.0,0.0,0.0,0.0,0.0,0.007874,0.0,0.0,0.0
168,0.0,0.0,0.0,0.2287,0.022422,0.0,0.0,0.0,0.0,0.0,0.0,0.0,0.748879,0.0,0.0,0.0,0.0,0.0,0.0,0.0,0.0,0.0,0.0,0.0
169,0.0,0.0,0.323077,0.534615,0.0,0.011538,0.0,0.0,0.0,0.0,0.0,0.0,0.084615,0.0,0.0,0.0,0.0,0.0,0.0,0.0,0.0,0.046154,0.0,0.0
170,0.0,0.0,0.200704,0.707746,0.0,0.0,0.0,0.0,0.0,0.0,0.0,0.0,0.080986,0.0,0.0,0.0,0.0,0.0,0.0,0.0,0.0,0.010563,0.0,0.0
171,0.0,0.0,0.0,0.392361,0.0,0.0,0.0,0.0,0.0,0.0,0.0,0.0,0.0,0.0,0.0,0.0,0.0,0.03125,0.0,0.0,0.0,0.576389,0.0,0.0
172,0.0,0.0,0.0,0.461538,0.0,0.0,0.0,0.0,0.0,0.0,0.0,0.0,0.0,0.0,0.0,0.0,0.07326,0.003663,0.0,0.0,0.0,0.461538,0.0,0.0
173,0.0,0.0,0.007653,0.647959,0.191327,0.0,0.0,0.0,0.0,0.0,0.0,0.0,0.122449,0.0,0.0,0.0,0.0,0.02551,0.0,0.0,0.0,0.005102,0.0,0.0
174,0.0,0.0,0.006494,0.737013,0.168831,0.0,0.0,0.0,0.0,0.0,0.0,0.0,0.032468,0.0,0.0,0.0,0.0,0.022727,0.0,0.0,0.0,0.032468,0.0,0.0
175,0.172131,0.0,0.0,0.0,0.0,0.0,0.0,0.0,0.090164,0.0,0.0,0.0,0.0,0.0,0.0,0.0,0.0,0.0,0.0,0.0,0.0,0.0,0.0,0.737705
176,0.123487,0.0,0.0,0.0,0.0,0.0,0.0,0.0,0.041162,0.0,0.0,0.0,0.0,0.0,0.0,0.0,0.0,0.0,0.0,0.0,0.0,0.0,0.0,0.835351
177,0.0,0.0,0.0,0.009662,0.0,0.057971,0.0,0.0,0.231884,0.0,0.0,0.0,0.47343,0.0,0.0,0.0,0.0,0.0,0.0,0.057971,0.0,0.0,0.0,0.169082
178,0.0,0.0,0.0,0.0,0.0,0.0,0.0,0.0,0.559172,0.0,0.0,0.0,0.39645,0.0,0.0,0.0,0.0,0.0,0.0,0.011834,0.0,0.0,0.0,0.032544
179,0.0,0.0,0.0,0.0,0.0,0.0,0.0,0.0,0.294737,0.0,0.0,0.0,0.705263,0.0,0.0,0.0,0.0,0.0,0.0,0.0,0.0,0.0,0.0,0.0
180,0.0,0.0,0.0,0.0,0.08311,0.0,0.0,0.0,0.005362,0.0,0.0,0.0,0.911528,0.0,0.0,0.0,0.0,0.0,0.0,0.0,0.0,0.0,0.0,0.0
181,0.095775,0.464789,0.0,0.0,0.0,0.0,0.0,0.0,0.014085,0.0,0.0,0.0,0.0,0.160563,0.0,0.0,0.0,0.0,0.0,0.0,0.0,0.0,0.0,0.264789
182,0.067961,0.423948,0.0,0.0,0.0,0.0,0.0,0.0,0.0,0.0,0.0,0.0,0.0,0.135922,0.0,0.0,0.0,0.0,0.0,0.0,0.0,0.0,0.0,0.372168
183,0.0,0.0,0.0,0.460274,0.279452,0.016438,0.0,0.0,0.016438,0.0,0.0,0.0,0.131507,0.0,0.0,0.09589,0.0,0.0,0.0,0.0,0.0,0.0,0.0,0.0
184,0.0,0.0,0.0,0.518072,0.309237,0.004016,0.0,0.0,0.0,0.0,0.0,0.0,0.100402,0.0,0.004016,0.036145,0.016064,0.012048,0.0,0.0,0.0,0.0,0.0,0.0
185,0.0,0.008278,0.0,0.048013,0.009934,0.057947,0.0,0.0,0.11755,0.0,0.013245,0.0,0.003311,0.0,0.107616,0.39404,0.0,0.0,0.067881,0.0,0.0,0.0,0.0,0.172185
186,0.0,0.0,0.0,0.133455,0.0,0.005484,0.0,0.0,0.104205,0.0,0.010969,0.0,0.027422,0.0,0.007313,0.380256,0.021938,0.0,0.0,0.0,0.0,0.0,0.0,0.308958
187,0.0,0.0,0.0,0.0,0.0,0.0,0.0,0.0,0.998428,0.0,0.0,0.0,0.001572,0.0,0.0,0.0,0.0,0.0,0.0,0.0,0.0,0.0,0.0,0.0
188,0.0,0.0,0.0,0.0,0.0,0.0,0.0,0.0,0.82598,0.0,0.0,0.0,0.17402,0.0,0.0,0.0,0.0,0.0,0.0,0.0,0.0,0.0,0.0,0.0
189,0.0,0.0,0.0,0.0,0.0,0.0,0.0,0.004193,0.0,0.004193,0.0,0.0,0.0,0.983229,0.0,0.0,0.0,0.0,0.0,0.0,0.0,0.0,0.008386,0.0
190,0.0,0.0,0.0,0.0,0.0,0.0,0.0,0.0,0.0,0.0,0.0,0.0,0.0,0.868056,0.0,0.0,0.0,0.0,0.0,0.0,0.0,0.0,0.131944,0.0
191,0.0,0.0,0.0,0.0,0.0,0.0,0.0,0.0,0.0,0.0,0.0,0.0,0.0,1.0,0.0,0.0,0.0,0.0,0.0,0.0,0.0,0.0,0.0,0.0
192,0.0,0.0,0.0,0.0,0.0,0.0,0.0,0.0,0.0,0.0,0.0,0.0,0.0,0.998805,0.0,0.0,0.0,0.0,0.0,0.0,0.0,0.0,0.0,0.001195
193,0.0,0.0,0.0,0.0,0.0,0.0,0.0,0.0,0.0,0.0,0.0,0.0,0.0,0.906621,0.0,0.0,0.0,0.0,0.0,0.0,0.0,0.0,0.093379,0.0
194,0.0,0.0,0.0,0.0,0.0,0.0,0.0,0.0,0.0,0.0,0.0,0.0,0.0,0.982372,0.0,0.0,0.0,0.0,0.0,0.0,0.0,0.0,0.017628,0.0
195,0.0,0.026316,0.0,0.0,0.0,0.0,0.0,0.0,0.0,0.0,0.0,0.0,0.0,0.973684,0.0,0.0,0.0,0.0,0.0,0.0,0.0,0.0,0.0,0.0
196,0.0,0.01626,0.0,0.0,0.0,0.0,0.0,0.0,0.0,0.004646,0.0,0.0,0.0,0.979094,0.0,0.0,0.0,0.0,0.0,0.0,0.0,0.0,0.0,0.0
197,0.0,0.02132,0.0,0.0,0.0,0.0,0.0,0.0,0.0,0.0,0.0,0.0,0.0,0.97868,0.0,0.0,0.0,0.0,0.0,0.0,0.0,0.0,0.0,0.0
198,0.001936,0.03485,0.0,0.0,0.0,0.0,0.0,0.0,0.0,0.0,0.0,0.0,0.0,0.956438,0.0,0.0,0.0,0.0,0.0,0.0,0.0,0.0,0.0,0.006776
199,0.0,0.0,0.0,0.0,0.0,0.0,0.0,0.0,0.0,0.745803,0.0,0.0,0.0,0.093525,0.0,0.0,0.0,0.0,0.0,0.0,0.0,0.0,0.160671,0.0
200,0.0,0.0,0.0,0.0,0.0,0.0,0.0,0.0,0.0,0.754386,0.0,0.0,0.0,0.024561,0.0,0.0,0.0,0.0,0.0,0.0,0.0,0.0,0.221053,0.0
201,0.0,0.0,0.0,0.004016,0.0,0.0,0.0,0.0,0.0,0.967871,0.002677,0.0,0.0,0.0,0.024096,0.0,0.0,0.001339,0.0,0.0,0.0,0.0,0.0,0.0
202,0.0,0.0,0.0,0.0,0.0,0.0,0.0,0.0,0.0,0.98855,0.0,0.0,0.0,0.0,0.0,0.0,0.0,0.01145,0.0,0.0,0.0,0.0,0.0,0.0
203,0.0,0.0,0.0,0.0,0.0,0.0,0.0,0.0,0.0,0.014271,0.0,0.0,0.0,0.276249,0.0,0.0,0.0,0.0,0.0,0.0,0.0,0.0,0.70948,0.0
204,0.0,0.0,0.0,0.0,0.0,0.0,0.0,0.0,0.0,0.027921,0.0,0.0,0.0,0.219235,0.0,0.0,0.0,0.0,0.0,0.0,0.0,0.0,0.752844,0.0
205,0.0,0.0,0.0,0.0,0.0,0.0,0.0,0.0,0.0,0.246804,0.0,0.0,0.0,0.018682,0.0,0.0,0.0,0.0,0.0,0.0,0.0,0.0,0.734513,0.0
206,0.0,0.0,0.0,0.0,0.0,0.0,0.0,0.0,0.0,0.300961,0.0,0.0,0.0,0.0619,0.0,0.0,0.0,0.0,0.0,0.0,0.0,0.0,0.63714,0.0
207,0.0,0.0,0.0,0.0,0.0,0.0,0.0,0.0,0.0,0.008,0.0,0.0,0.0,0.9664,0.0,0.0,0.0,0.0,0.0,0.0,0.0,0.0,0.0,0.0256
208,0.0,0.0,0.0,0.0,0.0,0.0,0.0,0.0,0.0,0.021705,0.0,0.012403,0.0,0.947287,0.0,0.0,0.0,0.0,0.0,0.0,0.0,0.0,0.0,0.018605
209,0.0,0.0,0.0,0.0,0.0,0.0,0.0,0.0,0.0,0.381693,0.001727,0.426598,0.0,0.189983,0.0,0.0,0.0,0.0,0.0,0.0,0.0,0.0,0.0,0.0
210,0.0,0.024675,0.0,0.0,0.0,0.0,0.0,0.0,0.0,0.427273,0.009091,0.480519,0.0,0.058442,0.0,0.0,0.0,0.0,0.0,0.0,0.0,0.0,0.0,0.0
211,0.017241,0.0,0.0,0.103448,0.0,0.086207,0.0,0.0,0.758621,0.0,0.0,0.0,0.017241,0.0,0.0,0.0,0.0,0.0,0.0,0.0,0.0,0.017241,0.0,0.0
212,0.208333,0.0,0.0,0.027778,0.0,0.0,0.0,0.0,0.625,0.0,0.0,0.0,0.0,0.0,0.0,0.0,0.0,0.0,0.0,0.0,0.0,0.138889,0.0,0.0
213,0.0,0.0,0.0,0.1,0.0,0.0,0.0,0.0,0.166667,0.0,0.0,0.0,0.0,0.0,0.0,0.0,0.0,0.0,0.0,0.0,0.0,0.733333,0.0,0.0
214,0.0,0.0,0.0,0.037037,0.037037,0.0,0.0,0.0,0.111111,0.0,0.0,0.0,0.0,0.0,0.0,0.0,0.037037,0.0,0.0,0.0,0.0,0.777778,0.0,0.0
215,0.109974,0.335038,0.0,0.0,0.0,0.0,0.0,0.0,0.496164,0.0,0.0,0.0,0.002558,0.043478,0.0,0.0,0.0,0.0,0.0,0.0,0.0,0.007673,0.0,0.005115
216,0.136905,0.544643,0.0,0.0,0.0,0.0,0.0,0.0,0.297619,0.0,0.0,0.0,0.0,0.017857,0.0,0.0,0.0,0.0,0.0,0.0,0.0,0.0,0.0,0.002976
217,0.0,0.495475,0.0,0.0,0.0,0.0,0.0,0.0,0.242081,0.0,0.0,0.0,0.004525,0.024887,0.0,0.0,0.0,0.0,0.0,0.0,0.0,0.0,0.0,0.233032
218,0.008065,0.423387,0.0,0.0,0.0,0.0,0.0,0.0,0.270161,0.0,0.0,0.0,0.014113,0.078629,0.0,0.0,0.0,0.0,0.0,0.0,0.0,0.0,0.0,0.205645
219,0.0,0.0,0.0,0.0,0.0,0.0,0.0,0.0,0.569412,0.0,0.0,0.0,0.430588,0.0,0.0,0.0,0.0,0.0,0.0,0.0,0.0,0.0,0.0,0.0
220,0.0,0.0,0.0,0.003175,0.031746,0.0,0.0,0.0,0.425397,0.0,0.0,0.0,0.533333,0.0,0.0,0.0,0.0,0.0,0.006349,0.0,0.0,0.0,0.0,0.0
221,0.0,0.0,0.0,0.066176,0.724265,0.0,0.0,0.0,0.0,0.0,0.0,0.0,0.025735,0.0,0.0,0.051471,0.0,0.0,0.0,0.0,0.033088,0.099265,0.0,0.0
222,0.0,0.0,0.0,0.109804,0.784314,0.0,0.0,0.0,0.0,0.0,0.0,0.0,0.023529,0.0,0.0,0.035294,0.0,0.0,0.0,0.0,0.0,0.047059,0.0,0.0
223,0.0,0.0,0.0,0.013986,0.003497,0.0,0.0,0.0,0.416084,0.0,0.0,0.0,0.297203,0.0,0.0,0.0,0.0,0.0,0.0,0.006993,0.0,0.262238,0.0,0.0
224,0.0,0.0,0.0,0.025352,0.011268,0.0,0.0,0.0,0.535211,0.0,0.0,0.0,0.31831,0.0,0.0,0.0,0.0,0.0,0.0,0.0,0.0,0.109859,0.0,0.0
225,0.0,0.0,0.0,0.122642,0.301887,0.003145,0.0,0.0,0.044025,0.0,0.0,0.0,0.440252,0.0,0.0,0.0,0.0,0.0,0.0,0.015723,0.0,0.072327,0.0,0.0
226,0.0,0.0,0.0,0.162602,0.49187,0.0,0.0,0.0,0.02439,0.0,0.0,0.0,0.300813,0.0,0.0,0.0,0.0,0.0,0.0,0.0,0.0,0.020325,0.0,0.0
227,0.0,0.0,0.0,0.0,0.260766,0.0,0.0,0.0,0.07177,0.0,0.0,0.0,0.461722,0.0,0.0,0.0,0.0,0.0,0.0,0.021531,0.184211,0.0,0.0,0.0
228,0.0,0.0,0.0,0.001901,0.393536,0.0,0.0,0.007605,0.165399,0.0,0.0,0.0,0.431559,0.0,0.0,0.0,0.0,0.0,0.0,0.0,0.0,0.0,0.0,0.0
229,0.0,0.0,0.0,0.269608,0.088235,0.0,0.0,0.0,0.0,0.0,0.0,0.0,0.02451,0.0,0.0,0.191176,0.0,0.0,0.088235,0.0,0.0,0.338235,0.0,0.0
230,0.0,0.0,0.0,0.244389,0.149626,0.0,0.0,0.0,0.0,0.0,0.0,0.0,0.032419,0.0,0.0,0.184539,0.13217,0.0,0.0,0.0,0.0,0.256858,0.0,0.0
231,0.0,0.0,0.0,0.063107,0.033981,0.0,0.0,0.0,0.082524,0.0,0.0,0.0,0.805825,0.0,0.0,0.0,0.0,0.0,0.014563,0.0,0.0,0.0,0.0,0.0
232,0.0,0.0,0.0,0.038674,0.044199,0.0,0.0,0.01105,0.044199,0.0,0.0,0.0,0.861878,0.0,0.0,0.0,0.0,0.0,0.0,0.0,0.0,0.0,0.0,0.0
233,0.0,0.0,0.0,0.392857,0.142857,0.0,0.0,0.0,0.0,0.0,0.0,0.0,0.0,0.0,0.0,0.035714,0.0,0.0,0.321429,0.0,0.0,0.107143,0.0,0.0
234,0.0,0.0,0.0,0.321212,0.206061,0.0,0.0,0.0,0.0,0.0,0.0,0.0,0.115152,0.012121,0.0,0.018182,0.030303,0.0,0.0,0.0,0.0,0.29697,0.0,0.0
235,0.0,0.0,0.0,0.101449,0.007246,0.0,0.0,0.0,0.0,0.0,0.0,0.0,0.0,0.057971,0.0,0.188406,0.0,0.0,0.355072,0.0,0.0,0.289855,0.0,0.0
236,0.0,0.0,0.0,0.065693,0.0,0.0,0.0,0.0,0.0,0.0,0.0,0.0,0.0,0.065693,0.0,0.160584,0.394161,0.0,0.0,0.0,0.0,0.313869,0.0,0.0
237,0.0,0.005848,0.0,0.0,0.05848,0.0,0.0,0.0,0.140351,0.0,0.0,0.0,0.590643,0.0,0.0,0.0,0.0,0.0,0.005848,0.017544,0.0,0.0,0.0,0.181287
238,0.0,0.0,0.0,0.0,0.0,0.0,0.0,0.01875,0.325,0.0,0.0,0.0,0.625,0.0,0.0,0.0,0.0,0.0,0.0,0.0,0.0,0.0,0.0,0.03125
239,0.0,0.0,0.0,0.030043,0.107296,0.0,0.0,0.0,0.0,0.0,0.004292,0.0,0.034335,0.266094,0.0,0.090129,0.0,0.0,0.459227,0.0,0.0,0.004292,0.0,0.004292
240,0.0,0.0,0.0,0.010152,0.172589,0.0,0.0,0.020305,0.020305,0.06599,0.015228,0.0,0.06599,0.406091,0.0,0.030457,0.167513,0.0,0.0,0.0,0.0,0.0,0.0,0.025381
241,0.0,0.010638,0.0,0.0,0.095745,0.0,0.0,0.0,0.079787,0.042553,0.010638,0.0,0.090426,0.457447,0.0,0.021277,0.0,0.0,0.053191,0.0,0.0,0.0,0.005319,0.132979
242,0.0,0.021739,0.0,0.0,0.072464,0.0,0.0,0.065217,0.014493,0.072464,0.0,0.0,0.217391,0.15942,0.0,0.0,0.014493,0.0,0.0,0.0,0.0,0.0,0.0,0.362319
243,0.0,0.005236,0.0,0.0,0.17801,0.0,0.0,0.0,0.052356,0.0,0.015707,0.0,0.350785,0.031414,0.0,0.0,0.0,0.0,0.078534,0.0,0.0,0.0,0.0,0.287958
244,0.0,0.0,0.0,0.0,0.209677,0.0,0.0,0.008065,0.016129,0.0,0.0,0.0,0.508065,0.0,0.0,0.0,0.032258,0.0,0.0,0.0,0.0,0.0,0.0,0.225806
245,0.0,0.0,0.0,0.228956,0.161616,0.0,0.0,0.0,0.0,0.0,0.0,0.0,0.178451,0.010101,0.0,0.010101,0.0,0.0,0.198653,0.0,0.0,0.212121,0.0,0.0
246,0.0,0.0,0.0,0.116105,0.292135,0.0,0.0,0.0,0.0,0.0,0.0,0.0,0.265918,0.048689,0.0,0.044944,0.224719,0.0,0.0,0.0,0.0,0.007491,0.0,0.0
