roi_id,roi_name,roi_voxels_total,roi_voxels_in_devatlas,assigned_net_id,assigned_system,assigned_net_voxels,assigned_net_pct_in_devatlas,second_net_id,second_net_voxels,second_net_pct_in_devatlas
1,A8m_L,791,787,21,DefaultMode,309,0.39263,5,216,0.27446
2,A8m_R,883,870,5,VentralAttention,418,0.48046,13,250,0.287356
3,A8dl_L,907,906,9,DefaultMode,276,0.304636,7,212,0.233996
4,A8dl_R,741,740,8,Control,368,0.497297,2,155,0.209459
5,A9l_L,776,772,9,DefaultMode,552,0.715026,21,211,0.273316
6,A9l_R,914,902,9,DefaultMode,636,0.7051,8,266,0.2949
7,A6dl_L,644,643,15,DorsalAttention,194,0.301711,11,175,0.272162
8,A6dl_R,664,659,5,VentralAttention,229,0.347496,11,195,0.295903
9,A6m_L,758,757,5,VentralAttention,369,0.48745,16,230,0.303831
10,A6m_R,744,743,5,VentralAttention,423,0.569314,16,182,0.244953
11,A9m_L,689,688,13,VentralAttention,324,0.47093,20,191,0.277616
12,A9m_R,892,889,13,VentralAttention,387,0.435321,9,253,0.284589
13,A10m_L,1075,1065,9,DefaultMode,970,0.910798,13,80,0.075117
14,A10m_R,924,897,9,DefaultMode,894,0.996656,13,3,0.003344
15,A9/46d_L,1089,1087,9,DefaultMode,353,0.324747,5,238,0.218951
16,A9/46d_R,1021,1020,5,VentralAttention,283,0.277451,2,191,0.187255
17,IFJ_L,815,815,20,Control,632,0.77546,7,151,0.185276
18,IFJ_R,618,582,8,Control,383,0.658076,20,96,0.164948
19,A46_L,805,792,7,Control,290,0.366162,13,160,0.20202
20,A46_R,1019,1001,8,Control,725,0.724276,13,120,0.11988
21,A9/46v_L,1007,1007,20,Control,513,0.509434,6,490,0.486594
22,A9/46v_R,946,932,8,Control,592,0.635193,6,193,0.207082
23,A8vl_L,991,991,7,Control,496,0.500505,20,137,0.138244
24,A8vl_R,810,807,8,Control,774,0.959108,20,33,0.040892
25,A6vl_L,636,636,7,Control,159,0.25,20,133,0.209119
26,A6vl_R,592,590,8,Control,266,0.450847,11,122,0.20678
27,A10l_L,794,411,7,Control,277,0.673966,9,74,0.180049
28,A10l_R,1031,737,8,Control,567,0.769335,9,132,0.179104
29,A44d_L,327,327,20,Control,199,0.608563,6,66,0.201835
30,A44d_R,349,345,20,Control,212,0.614493,5,65,0.188406
31,IFS_L,384,384,20,Control,329,0.856771,21,46,0.119792
32,IFS_R,320,312,6,Control,185,0.592949,20,125,0.400641
33,A45c_L,318,318,21,DefaultMode,304,0.955975,20,8,0.025157
34,A45c_R,374,362,21,DefaultMode,162,0.447514,13,82,0.226519
35,A45r_L,381,381,21,DefaultMode,269,0.706037,20,112,0.293963
36,A45r_R,412,383,21,DefaultMode,189,0.493473,6,115,0.300261
37,A44op_L,471,471,13,VentralAttention,240,0.509554,21,179,0.380042
38,A44op_R,557,557,13,VentralAttention,348,0.624776,5,136,0.244165
39,A44v_L,280,280,21,DefaultMode,138,0.492857,5,116,0.414286
40,A44v_R,273,273,5,VentralAttention,192,0.703297,4,52,0.190476
41,A14m_L,518,494,9,DefaultMode,450,0.910931,1,44,0.089069
42,A14m_R,630,630,9,DefaultMode,605,0.960317,1,25,0.039683
43,A12/47o_L,536,494,9,DefaultMode,219,0.44332,20,95,0.192308
44,A12/47o_R,491,446,8,Control,210,0.470852,9,187,0.419283
45,A11l_L,926,505,6,Control,265,0.524752,20,112,0.221782
46,A11l_R,1210,666,8,Control,290,0.435435,9,259,0.388889
47,A11m_L,637,150,1,DefaultMode,83,0.553333,9,56,0.373333
48,A11m_R,732,229,1,DefaultMode,160,0.69869,9,69,0.30131
49,A13_L,919,458,9,DefaultMode,353,0.770742,13,45,0.098253
50,A13_R,800,344,9,DefaultMode,242,0.703488,1,54,0.156977
51,A12/47l_L,568,557,21,DefaultMode,202,0.362657,13,184,0.330341
52,A12/47l_R,494,451,13,VentralAttention,245,0.543237,8,136,0.301552
53,A4hf_L,897,897,22,Sensorimotor,606,0.675585,19,151,0.168339
54,A4hf_R,522,521,22,Sensorimotor,468,0.898273,5,37,0.071017
55,A6cdl_L,709,709,19,Sensorimotor,323,0.455571,5,236,0.332863
56,A6cdl_R,886,886,17,Sensorimotor,325,0.366817,5,321,0.362302
57,A4ul_L,624,624,19,Sensorimotor,359,0.575321,16,265,0.424679
58,A4ul_R,626,626,17,Sensorimotor,489,0.78115,16,69,0.110224
59,A4t_L,283,282,16,Sensorimotor,245,0.868794,19,37,0.131206
60,A4t_R,431,425,16,Sensorimotor,383,0.901176,17,37,0.087059
61,A4tl_L,434,434,4,VentralAttention,280,0.645161,5,82,0.18894
62,A4tl_R,424,421,4,VentralAttention,274,0.650831,5,88,0.209026
63,A6cvl_L,745,745,18,DorsalAttention,230,0.308725,20,187,0.251007
64,A6cvl_R,675,674,18,DorsalAttention,304,0.451039,5,160,0.237389
65,A1/2/3ll_L,344,344,16,Sensorimotor,313,0.909884,15,28,0.081395
66,A1/2/3ll_R,472,472,16,Sensorimotor,325,0.688559,4,64,0.135593
67,A4ll_L,492,492,16,Sensorimotor,486,0.987805,19,6,0.012195
68,A4ll_R,601,600,16,Sensorimotor,599,0.998333,17,1,0.001667
69,A38m_L,727,262,21,DefaultMode,190,0.725191,9,63,0.240458
70,A38m_R,661,147,1,DefaultMode,91,0.619048,9,49,0.333333
71,A41/42_L,505,505,3,Sensorimotor,505,1.0,24,0,0.0
72,A41/42_R,371,371,3,Sensorimotor,361,0.973046,22,7,0.018868
73,TE1.0/TE1.2_L,801,801,3,Sensorimotor,757,0.945069,4,16,0.019975
74,TE1.0/TE1.2_R,729,725,3,Sensorimotor,565,0.77931,4,83,0.114483
75,A22c_L,585,579,3,Sensorimotor,422,0.728843,21,157,0.271157
76,A22c_R,555,533,3,Sensorimotor,524,0.983114,22,8,0.015009
77,A38l_L,497,393,21,DefaultMode,268,0.681934,3,112,0.284987
78,A38l_R,649,502,21,DefaultMode,247,0.492032,3,187,0.37251
79,A22r_L,644,643,21,DefaultMode,372,0.578538,3,266,0.413686
80,A22r_R,367,348,3,Sensorimotor,286,0.821839,21,34,0.097701
81,A21c_L,568,510,7,Control,425,0.833333,1,57,0.111765
82,A21c_R,707,655,8,Control,605,0.923664,1,45,0.068702
83,A21r_L,784,748,21,DefaultMode,526,0.703209,1,164,0.219251
84,A21r_R,954,619,21,DefaultMode,293,0.473344,1,254,0.410339
85,A37dl_L,619,586,6,Control,217,0.370307,21,152,0.259386
86,A37dl_R,726,602,6,Control,195,0.32392,8,144,0.239203
87,aSTS_L,830,825,21,DefaultMode,429,0.52,1,297,0.36
88,aSTS_R,1179,1149,3,Sensorimotor,371,0.322889,1,258,0.224543
89,A20iv_L,317,65,6,Control,65,1.0,24,0,0.0
90,A20iv_R,184,8,2,DefaultMode,7,0.875,6,1,0.125
91,A37elv_L,336,309,20,Control,149,0.482201,10,101,0.326861
92,A37elv_R,223,139,10,Visual,102,0.733813,12,20,0.143885
93,A20r_L,484,211,21,DefaultMode,211,1.0,24,0,0.0
94,A20r_R,445,20,21,DefaultMode,18,0.9,6,2,0.1
95,A20il_L,464,330,7,Control,289,0.875758,21,40,0.121212
96,A20il_R,454,161,8,Control,161,1.0,24,0,0.0
97,A37vl_L,407,406,6,Control,186,0.458128,20,72,0.17734
98,A37vl_R,348,340,12,DorsalAttention,129,0.379412,10,127,0.373529
99,A20cl_L,499,450,7,Control,315,0.7,20,135,0.3
100,A20cl_R,396,330,8,Control,321,0.972727,12,7,0.021212
101,A20cv_L,563,202,7,Control,164,0.811881,6,30,0.148515
102,A20cv_R,575,154,8,Control,131,0.850649,6,22,0.142857
103,A20rv_L,1017,340,2,DefaultMode,252,0.741176,21,30,0.088235
104,A20rv_R,1111,295,2,DefaultMode,200,0.677966,10,71,0.240678
105,A37mv_L,899,897,10,Visual,672,0.749164,14,197,0.219621
106,A37mv_R,801,801,10,Visual,641,0.80025,14,134,0.167291
107,A37lv_L,952,732,10,Visual,564,0.770492,6,145,0.198087
108,A37lv_R,890,702,10,Visual,632,0.900285,6,41,0.058405
109,A35/36r_L,175,29,6,Control,29,1.0,24,0,0.0
110,A35/36r_R,143,1,2,DefaultMode,1,1.0,24,0,0.0
111,A35/36c_L,153,79,2,DefaultMode,70,0.886076,16,9,0.113924
112,A35/36c_R,159,76,2,DefaultMode,68,0.894737,16,8,0.105263
113,TL_L,172,153,2,DefaultMode,153,1.0,24,0,0.0
114,TL_R,134,131,2,DefaultMode,131,1.0,24,0,0.0
115,A28/34_L,179,42,2,DefaultMode,36,0.857143,1,6,0.142857
116,A28/34_R,120,24,2,DefaultMode,24,1.0,24,0,0.0
117,TI_L,93,2,6,Control,2,1.0,24,0,0.0
118,TI_R,130,0,0,,0,0.0,0,0,0.0
119,TH_L,148,148,2,DefaultMode,84,0.567568,14,64,0.432432
120,TH_R,157,153,2,DefaultMode,111,0.72549,14,42,0.27451
121,rpSTS_L,319,319,21,DefaultMode,280,0.877743,3,38,0.119122
122,rpSTS_R,351,349,21,DefaultMode,203,0.581662,3,128,0.366762
123,cpSTS_L,353,353,21,DefaultMode,301,0.852691,3,39,0.110482
124,cpSTS_R,290,287,3,Sensorimotor,285,0.993031,6,2,0.006969
125,A7r_L,386,386,15,DorsalAttention,223,0.57772,12,86,0.222798
126,A7r_R,541,541,15,DorsalAttention,360,0.665434,12,141,0.260628
127,A7c_L,478,478,12,DorsalAttention,297,0.621339,11,144,0.301255
128,A7c_R,503,503,12,DorsalAttention,426,0.846918,11,52,0.10338
129,A5l_L,482,482,18,DorsalAttention,211,0.437759,12,93,0.192946
130,A5l_R,375,375,18,DorsalAttention,189,0.504,17,139,0.370667
131,A7pc_L,502,502,15,DorsalAttention,406,0.808765,19,50,0.099602
132,A7pc_R,452,452,15,DorsalAttention,277,0.612832,17,90,0.199115
133,A7ip_L,391,391,12,DorsalAttention,312,0.797954,20,52,0.132992
134,A7ip_R,464,464,12,DorsalAttention,367,0.790948,8,34,0.073276
135,A39c_L,1048,1045,2,DefaultMode,461,0.441148,10,359,0.343541
136,A39c_R,1189,1145,2,DefaultMode,489,0.427074,10,477,0.416594
137,A39rd_L,831,831,7,Control,399,0.480144,20,385,0.463297
138,A39rd_R,963,963,8,Control,584,0.606438,2,172,0.178609
139,A40rd_L,1036,1036,18,DorsalAttention,712,0.687259,6,226,0.218147
140,A40rd_R,1052,1048,18,DorsalAttention,741,0.707061,8,208,0.198473
141,A40c_L,1071,1071,7,Control,453,0.422969,6,325,0.303455
142,A40c_R,1163,1122,8,Control,625,0.557041,6,179,0.159537
143,A39rv_L,1534,1533,1,DefaultMode,617,0.402479,2,299,0.195042
144,A39rv_R,1332,1280,2,DefaultMode,446,0.348438,1,431,0.336719
145,A40rv_L,1060,1060,4,VentralAttention,593,0.559434,3,256,0.241509
146,A40rv_R,1257,1249,4,VentralAttention,726,0.581265,18,180,0.144115
147,A7m_L,526,526,11,DorsalAttention,355,0.674905,24,134,0.254753
148,A7m_R,441,441,11,DorsalAttention,316,0.716553,24,112,0.253968
149,A5m_L,579,579,15,DorsalAttention,242,0.417962,16,173,0.298791
150,A5m_R,668,668,16,Sensorimotor,230,0.344311,11,215,0.321856
151,dmPOS_L,873,873,24,DefaultMode,325,0.372279,2,307,0.351661
152,dmPOS_R,1052,1052,2,DefaultMode,405,0.384981,14,322,0.306084
153,A31_L,768,768,1,DefaultMode,412,0.536458,24,267,0.347656
154,A31_R,936,936,1,DefaultMode,422,0.450855,24,322,0.344017
155,A1/2/3ulhf_L,928,928,22,Sensorimotor,541,0.582974,19,370,0.398707
156,A1/2/3ulhf_R,930,920,22,Sensorimotor,518,0.563043,17,402,0.436957
157,A1/2/3tonIa_L,649,649,22,Sensorimotor,456,0.702619,19,73,0.112481
158,A1/2/3tonIa_R,612,605,22,Sensorimotor,472,0.780165,4,79,0.130579
159,A2_L,723,723,19,Sensorimotor,484,0.669433,18,202,0.279391
160,A2_R,750,750,17,Sensorimotor,553,0.737333,18,107,0.142667
161,A1/2/3tru_L,672,672,16,Sensorimotor,485,0.721726,19,180,0.267857
162,A1/2/3tru_R,526,526,16,Sensorimotor,411,0.781369,17,112,0.212928
163,G_L,328,328,4,VentralAttention,162,0.493902,16,83,0.253049
164,G_R,276,276,4,VentralAttention,156,0.565217,16,67,0.242754
165,vIa_L,239,239,13,VentralAttention,211,0.882845,9,27,0.112971
166,vIa_R,210,209,13,VentralAttention,172,0.822967,9,34,0.162679
167,dIa_L,254,254,13,VentralAttention,218,0.858268,4,34,0.133858
168,dIa_R,223,223,13,VentralAttention,167,0.748879,4,51,0.2287
169,vId/vIg_L,261,260,4,VentralAttention,139,0.534615,3,84,0.323077
170,vId/vIg_R,287,284,4,VentralAttention,201,0.707746,3,57,0.200704
171,dIg_L,288,288,22,Sensorimotor,166,0.576389,4,113,0.392361
172,dIg_R,273,273,22,Sensorimotor,126,0.461538,4,126,0.461538
173,dId_L,392,392,4,VentralAttention,254,0.647959,5,75,0.191327
174,dId_R,308,308,4,VentralAttention,227,0.737013,5,52,0.168831
175,A23d_L,488,488,24,DefaultMode,360,0.737705,1,84,0.172131
176,A23d_R,413,413,24,DefaultMode,345,0.835351,1,51,0.123487
177,A24rv_L,207,207,13,VentralAttention,98,0.47343,9,48,0.231884
178,A24rv_R,338,338,9,DefaultMode,189,0.559172,13,134,0.39645
179,A32p_L,475,475,13,VentralAttention,335,0.705263,9,140,0.294737
180,A32p_R,373,373,13,VentralAttention,340,0.911528,5,31,0.08311
181,A23v_L,355,355,2,DefaultMode,165,0.464789,24,94,0.264789
182,A23v_R,310,309,2,DefaultMode,131,0.423948,24,115,0.372168
183,A24cd_L,365,365,4,VentralAttention,168,0.460274,5,102,0.279452
184,A24cd_R,249,249,4,VentralAttention,129,0.518072,5,77,0.309237
185,A23c_L,604,604,16,Sensorimotor,238,0.39404,24,104,0.172185
186,A23c_R,547,547,16,Sensorimotor,208,0.380256,24,169,0.308958
187,A32sg_L,636,636,9,DefaultMode,635,0.998428,13,1,0.001572
188,A32sg_R,408,408,9,DefaultMode,337,0.82598,13,71,0.17402
189,cLinG_L,492,477,14,Visual,469,0.983229,23,4,0.008386
190,cLinG_R,603,576,14,Visual,500,0.868056,23,76,0.131944
191,rCunG_L,785,785,14,Visual,785,1.0,24,0,0.0
192,rCunG_R,837,837,14,Visual,836,0.998805,24,1,0.001195
193,cCunG_L,613,589,14,Visual,534,0.906621,23,55,0.093379
194,cCunG_R,624,624,14,Visual,613,0.982372,23,11,0.017628
195,rLinG_L,760,760,14,Visual,740,0.973684,2,20,0.026316
196,rLinG_R,861,861,14,Visual,843,0.979094,2,14,0.01626
197,vmPOS_L,985,985,14,Visual,964,0.97868,2,21,0.02132
198,vmPOS_R,1033,1033,14,Visual,988,0.956438,2,36,0.03485
199,mOccG_L,837,834,10,Visual,622,0.745803,23,134,0.160671
200,mOccG_R,858,855,10,Visual,645,0.754386,23,189,0.221053
201,V5/MT+_L,751,747,10,Visual,723,0.967871,15,18,0.024096
202,V5/MT+_R,807,786,10,Visual,777,0.98855,18,9,0.01145
203,OPC_L,995,981,23,Visual,696,0.70948,14,271,0.276249
204,OPC_R,991,967,23,Visual,728,0.752844,14,212,0.219235
205,iOccG_L,1024,1017,23,Visual,747,0.734513,10,251,0.246804
206,iOccG_R,945,937,23,Visual,597,0.63714,10,282,0.300961
207,msOccG_L,625,625,14,Visual,604,0.9664,24,16,0.0256
208,msOccG_R,645,645,14,Visual,611,0.947287,10,14,0.021705
209,lsOccG_L,579,579,12,DorsalAttention,247,0.426598,10,221,0.381693
210,lsOccG_R,770,770,12,DorsalAttention,370,0.480519,10,329,0.427273
211,mAmyg_L,170,58,9,DefaultMode,44,0.758621,4,6,0.103448
212,mAmyg_R,217,72,9,DefaultMode,45,0.625,1,15,0.208333
213,lAmyg_L,86,30,22,Sensorimotor,22,0.733333,9,5,0.166667
214,lAmyg_R,134,27,22,Sensorimotor,21,0.777778,9,3,0.111111
215,rHipp_L,574,391,9,DefaultMode,194,0.496164,2,131,0.335038
216,rHipp_R,486,336,2,DefaultMode,183,0.544643,9,100,0.297619
217,cHipp_L,588,442,2,DefaultMode,219,0.495475,9,107,0.242081
218,cHipp_R,613,496,2,DefaultMode,210,0.423387,9,134,0.270161
219,vCa_L,463,425,9,DefaultMode,242,0.569412,13,183,0.430588
220,vCa_R,334,315,13,VentralAttention,168,0.533333,9,134,0.425397
221,GP_L,324,272,5,VentralAttention,197,0.724265,22,27,0.099265
222,GP_R,325,255,5,VentralAttention,200,0.784314,4,28,0.109804
223,NAC_L,321,286,9,DefaultMode,119,0.416084,13,85,0.297203
224,NAC_R,395,355,9,DefaultMode,190,0.535211,13,113,0.31831
225,vmPu_L,322,318,13,VentralAttention,140,0.440252,5,96,0.301887
226,vmPu_R,246,246,5,VentralAttention,121,0.49187,13,74,0.300813
227,dCa_L,507,418,13,VentralAttention,193,0.461722,5,109,0.260766
228,dCa_R,674,526,13,VentralAttention,227,0.431559,5,207,0.393536
229,dlPu_L,408,408,22,Sensorimotor,138,0.338235,4,110,0.269608
230,dlPu_R,401,401,22,Sensorimotor,103,0.256858,4,98,0.244389
231,mPFtha_L,209,206,13,VentralAttention,166,0.805825,9,17,0.082524
232,mPFtha_R,182,181,13,VentralAttention,156,0.861878,5,8,0.044199
233,mPMtha_L,126,56,4,VentralAttention,22,0.392857,19,18,0.321429
234,mPMtha_R,196,165,4,VentralAttention,53,0.321212,22,49,0.29697
235,Stha_L,143,138,19,Sensorimotor,49,0.355072,22,40,0.289855
236,Stha_R,150,137,17,Sensorimotor,54,0.394161,22,43,0.313869
237,rTtha_L,204,171,13,VentralAttention,101,0.590643,24,31,0.181287
238,rTtha_R,217,160,13,VentralAttention,100,0.625,9,52,0.325
239,PPtha_L,246,233,19,Sensorimotor,107,0.459227,14,62,0.266094
240,PPtha_R,217,197,14,Visual,80,0.406091,5,34,0.172589
241,Otha_L,237,188,14,Visual,86,0.457447,24,25,0.132979
242,Otha_R,166,138,24,DefaultMode,50,0.362319,13,30,0.217391
243,cTtha_L,204,191,13,VentralAttention,67,0.350785,24,55,0.287958
244,cTtha_R,147,124,13,VentralAttention,63,0.508065,24,28,0.225806
245,lPFtha_L,358,297,4,VentralAttention,68,0.228956,22,63,0.212121
246,lPFtha_R,273,267,5,VentralAttention,78,0.292135,13,71,0.265918
